{"id":{"0":"5vYA1mW9g2Coh1HUFUSmlb","1":"2klCjJcucgGQysgH170npL","2":"093PI3mdUvOSlvMYDwnV1e","3":"64yrDBpcdwEdNY9loyEGbX","4":"2jiI8bNSDu7UxTtDCOqh3L","5":"7kcCB7oh6X4bSoFCvrHLvG","6":"6b8Be6ljOzmkOmFslEb23P","7":"38td8VabuKlQt72Q2VnhbO","8":"60ONwBU0GgM3kJhPEOhTx0","9":"3MtxiqrTNRwtj9EIVDjRSU","10":"7nT4rMprxiA9H9HM3oZ1Kq","11":"1trFxVLL8WKhYap543e74l","12":"2UM6b78kBrge7Esaoz93kk","13":"74HHgWX80N5YfZpvEQOUov","14":"6jLsYKGOBRBRvdowIzuyUf","15":"3GdvlmQ8GgfFokp1hpdRJ2","16":"1UwERmn5UogyCz6qo21BmA","17":"2FG7k4aaCUjXX6NpCkCpgC","18":"76ui6kPzjm2vKODEIOZMXK","19":"5XRHGXut00SrJUFmcn2lQF","20":"3GCdLUSnKSMJhs4Tj6CV3s","21":"6tBdTwcyyGq1HU3PXgZK82","22":"5TdKQtQXE6lPJfYhi59lAZ","23":"3pGNBm0zULLn7K9Vvxjjz1","24":"7svJ308NOS6EMHd7D1YZnw","25":"6nTiIhLmQ3FWhvrGafw2zj","26":"3wBIDJLDvo0h0u1mKU9Bm6","27":"0Yz3F0UGDibDe8uU69zmjn","28":"5s8TNhF23nv2Pumf0JTe2i","29":"393Zq7DKr6IxkmJp5bRe6j","30":"7LJjWqhqK594nN7qJzLVXE","31":"1tjC7aF6ixOCqZxJtIO8dz","32":"27lhifdMn6erYRxLq1lrxA","33":"1EYSS9Lp7a9f20C3FaOVgI","34":"4O0vUrKu4zu5cgnfOvli0B","35":"64XSAtXpCJUmadm3fkpH4z","36":"2kGMGxlrbOLhRzGQISekBZ","37":"5GKwq4sO5ZHKuWaDmdwMQc","38":"6MjiVEJy1YVuJNFu72OH61","39":"0QIRm9sUkGnezGznkWCqCo","40":"6L89mwZXSOwYl76YXfX13s","41":"3pM8P070gawGMIK7TTFgW1","42":"4as4XEOR03oGm1STUKl6pa","43":"3AcNJMYU4v7mr1DEWEWGmh","44":"4pWawf1Rq4qHDv4Ktqjg2D","45":"1VuBmEauSZywQVtqbxNqka","46":"5EuAj9nZiWRKeBkgxMXsW4","47":"05KfyCEE6otdlT1pp2VIjP","48":"6fA7akEuTUL3dW1V0GELaZ","49":"6Xk7PnitV9jCRorWt2LiVZ","50":"5Hroj5K7vLpIG4FNCRIjbP","51":"2tdq0CeAGSfhI2l4Gwkvgx","52":"5FZxsHWIvUsmSK1IAvm2pp","53":"4T3fNx3CgwDRRYgmFCbD4J","54":"07nH4ifBxUB4lZcsf44Brn","55":"1p80LdxRV74UKvL8gnD7ky","56":"0uNKf8j4cNI1DLWpps877e","57":"6LtPIXlIzPOTF8vTecYjRe","58":"2auTfKFcoQd7z2uFCeuaww","59":"0oSNOJEcBIKNcQzRc5TfyR","60":"7DjtkwBT1F9Pod8SggSvJf","61":"0gb636CX4wHmcgqV0ydKdm","62":"0NeNAcCVtGqLAAmf4FhWWT","63":"38xWaVFKaxZlMFvzNff2aW","64":"2TYfPBSXeAJQgP1CpkXDUP","65":"4FDdBqOTzfWfuDfODCOply","66":"0COqiPhxzoWICwFCS4eZcp","67":"4z9gBZQjGS4QLb4LOvmeuA","68":"3kOtrXdDW7zkcLP5IrMmDc","69":"2ftBcyzDa2REbBy7pMfbTT","70":"2yiZyjMEByt9sJBZWnWaDR","71":"4jdiqVbH1eUwc4MzDV7GMu","72":"65Wn0KpbPXTVLNQNEMtK1j","73":"6ObpR8ek44tvWefQRcSo8K","74":"10FP9hm2aFfAIKEopqaG9D","75":"42CeaId2XNlxugDvyqHfDf","76":"1R6amI33Kxxbxnas1ictrD","77":"3yM1SaSngFZCla4gOOUn2a","78":"6PCUP3dWmTjcTtXY02oFdT","79":"7Bka7BItYbiCQOSbJNx0ni","80":"10VuRG4YCjIDFxTliN02MP","81":"69gdXYtXQEX9xNeEto8K0q","82":"1uDhHTNIBF5BJQWTjKnCoa","83":"2CvcVMkyBhXHD9d0QIpw4X","84":"7zC7nXQPpj7oVeboU5lYOP","85":"0rpIH5otu7ykvZPdcQuRPh","86":"1D7e4LrjdB4mKaI9XYrmPY","87":"28PYwyQETvCDNXMRBFAtzr","88":"5DPOA0BfvqhGuiuosDgzMN","89":"0mBKv9DkYfQHjdMcw2jdyI","90":"14p5EKgbPx4U3P1j5JNHeh","91":"4ao9bdN6ozxdlQ9j2rGDFy","92":"0KcV1EQdppMZe78MGT6wBn","93":"0BCPKOYdS2jbQ8iyB56Zns","94":"6gHQIxtN5UwHJlEaUjcViK","95":"7BKLCZ1jbUBVqRi2FVlTVw","96":"31qa3MvGhA4FbbeUOhBe4J","97":"0nKpHGrnuejevp6openGaF","98":"7qKPyKGfnYRdcpnc1Wz97A","99":"2Nbk6e3lExNzZj9AuCwV8C"},"title":{"0":"3AM","1":"4 Walls","2":"11:11","3":"21 Guns","4":"21","5":"24\/7","6":"24K Magic","7":"134340","8":"About The Distance","9":"Afterlife","10":"Again","11":"Airplane pt.2","12":"Alejandro","13":"Alive","14":"All I Wanna Do (feat. Hoody & \ub85c\uaf2c Loco) [Korean Version]","15":"All Mine","16":"All Night","17":"All Night Long","18":"All the People","19":"All The Right Moves","20":"All The Stars (with SZA)","21":"All The Things She Said","22":"All Us","23":"Almost Home","24":"amber","25":"American Idiot","26":"Amsterdam","27":"And July (feat. DEAN & DJ Friz)","28":"Animals","29":"anything in the world","30":"As If It's Your Last","31":"Automatic","32":"Awakening","33":"Baby Don\u2019t Stop","34":"Babyyy","35":"Back 2 Good","36":"Back Home","37":"Bad Boy","38":"Bad Romance","39":"BANG BANG BANG","40":"Basket Case","41":"Bastia","42":"BBIBBI","43":"Be Natural (feat. SR14B 'TAEYONG (\ud0dc\uc6a9)')","44":"Beautiful Creatures (feat. MAX)","45":"Beautiful Day","46":"Beautiful Girls","47":"Believer","48":"Bent","49":"Berzerk","50":"Best Day Of My Life","51":"Best Of Me","52":"Best of You","53":"Better","54":"Blame","55":"Blank Space","56":"blankets","57":"Bleeding Love","58":"Bleeding Out","59":"Blood Sweat & Tears","60":"Blue","61":"BODY","62":"BOOMBAYAH","63":"Breakeven","64":"Breaking Down","65":"Breathe Again","66":"Bring Me To Life","67":"Burning Up (Fire)","68":"By The Shore","69":"Bye Babe","70":"Bye Bye Bye","71":"CALL ME BABY","72":"Call On Me - Radio Edit","73":"Calling All My Lovelies","74":"Can't Fight The Moonlight","75":"Candy Paint","76":"Capitano (Instrumental Version)","77":"Car Radio","78":"Castle on the Hill","79":"Cataclysm","80":"Catch Me If You Can - Korean Version","81":"Cause","82":"Celebration Song","83":"Chaos","84":"Chariots","85":"Chasing Cars","86":"CHEER UP","87":"Choke","88":"Christmas Chill","89":"Chunky","90":"Cigarette (Feat. Tablo, MISO)","91":"City Of Blinding Lights","92":"clay castle ruins","93":"Clocks","94":"Close Enough","95":"Closer","96":"cocoa","97":"Cold","98":"Cold Feet","99":"Cold Skin"},"danceability":{"0":0.521,"1":0.735,"2":0.445,"3":0.268,"4":0.68,"5":0.762,"6":0.818,"7":0.664,"8":0.688,"9":0.46,"10":0.614,"11":0.769,"12":0.623,"13":0.331,"14":0.4,"15":0.585,"16":0.777,"17":0.758,"18":0.678,"19":0.53,"20":0.698,"21":0.604,"22":0.439,"23":0.382,"24":0.928,"25":0.38,"26":0.516,"27":0.735,"28":0.279,"29":0.657,"30":0.786,"31":0.598,"32":0.746,"33":0.827,"34":0.621,"35":0.559,"36":0.705,"37":0.714,"38":0.695,"39":0.694,"40":0.442,"41":0.621,"42":0.839,"43":0.58,"44":0.589,"45":0.537,"46":0.745,"47":0.772,"48":0.518,"49":0.739,"50":0.673,"51":0.651,"52":0.366,"53":0.442,"54":0.413,"55":0.752,"56":0.61,"57":0.635,"58":0.299,"59":0.585,"60":0.69,"61":0.769,"62":0.658,"63":0.63,"64":0.58,"65":0.625,"66":0.316,"67":0.627,"68":0.834,"69":0.915,"70":0.571,"71":0.692,"72":0.597,"73":0.662,"74":0.628,"75":0.765,"76":0.4,"77":0.479,"78":0.461,"79":0.509,"80":0.714,"81":0.679,"82":0.393,"83":0.809,"84":0.257,"85":0.556,"86":0.548,"87":0.652,"88":0.638,"89":0.571,"90":0.776,"91":0.447,"92":0.775,"93":0.577,"94":0.696,"95":0.748,"96":0.572,"97":0.648,"98":0.582,"99":0.393},"energy":{"0":0.673,"1":0.849,"2":0.528,"3":0.742,"4":0.724,"5":0.594,"6":0.803,"7":0.688,"8":0.177,"9":0.622,"10":0.547,"11":0.817,"12":0.793,"13":0.837,"14":0.724,"15":0.85,"16":0.807,"17":0.686,"18":0.245,"19":0.95,"20":0.633,"21":0.831,"22":0.291,"23":0.0682,"24":0.305,"25":0.988,"26":0.768,"27":0.852,"28":0.742,"29":0.564,"30":0.853,"31":0.604,"32":0.217,"33":0.739,"34":0.364,"35":0.504,"36":0.234,"37":0.736,"38":0.919,"39":0.832,"40":0.943,"41":0.249,"42":0.617,"43":0.868,"44":0.826,"45":0.921,"46":0.666,"47":0.775,"48":0.83,"49":0.872,"50":0.902,"51":0.756,"52":0.94,"53":0.585,"54":0.856,"55":0.678,"56":0.147,"57":0.647,"58":0.754,"59":0.887,"60":0.245,"61":0.624,"62":0.836,"63":0.698,"64":0.72,"65":0.93,"66":0.945,"67":0.706,"68":0.256,"69":0.464,"70":0.87,"71":0.886,"72":0.837,"73":0.705,"74":0.834,"75":0.688,"76":0.259,"77":0.452,"78":0.834,"79":0.867,"80":0.852,"81":0.45,"82":0.959,"83":0.581,"84":0.973,"85":0.595,"86":0.885,"87":0.403,"88":0.0703,"89":0.539,"90":0.392,"91":0.768,"92":0.337,"93":0.749,"94":0.61,"95":0.524,"96":0.341,"97":0.734,"98":0.719,"99":0.695},"key":{"0":8,"1":4,"2":10,"3":5,"4":6,"5":0,"6":1,"7":11,"8":8,"9":7,"10":5,"11":0,"12":11,"13":2,"14":8,"15":11,"16":9,"17":9,"18":9,"19":0,"20":8,"21":5,"22":3,"23":4,"24":11,"25":1,"26":9,"27":2,"28":4,"29":11,"30":8,"31":5,"32":4,"33":8,"34":1,"35":7,"36":8,"37":2,"38":0,"39":5,"40":3,"41":9,"42":7,"43":10,"44":0,"45":2,"46":9,"47":10,"48":6,"49":11,"50":2,"51":8,"52":1,"53":0,"54":0,"55":5,"56":7,"57":5,"58":5,"59":0,"60":1,"61":4,"62":5,"63":10,"64":1,"65":8,"66":4,"67":10,"68":0,"69":1,"70":8,"71":1,"72":10,"73":1,"74":6,"75":4,"76":5,"77":4,"78":2,"79":6,"80":9,"81":0,"82":1,"83":10,"84":0,"85":9,"86":6,"87":9,"88":0,"89":5,"90":5,"91":8,"92":4,"93":5,"94":0,"95":8,"96":11,"97":0,"98":5,"99":7},"loudness":{"0":-8.685,"1":-4.308,"2":-7.243,"3":-4.939,"4":-5.633,"5":-5.465,"6":-4.282,"7":-6.466,"8":-14.061,"9":-4.886,"10":-11.772,"11":-4.092,"12":-6.63,"13":-4.17,"14":-6.064,"15":-3.625,"16":-4.101,"17":-4.213,"18":-17.836,"19":-3.526,"20":-4.946,"21":-5.72,"22":-10.665,"23":-19.178,"24":-16.385,"25":-2.042,"26":-4.964,"27":-3.85,"28":-6.46,"29":-4.523,"30":-2.687,"31":-6.406,"32":-11.789,"33":-6.391,"34":-10.187,"35":-9.455,"36":-10.145,"37":-3.801,"38":-3.769,"39":-3.038,"40":-3.205,"41":-13.105,"42":-4.692,"43":-1.195,"44":-4.577,"45":-6.474,"46":-5.899,"47":-4.388,"48":-6.814,"49":-4.059,"50":-2.378,"51":-4.388,"52":-5.119,"53":-10.332,"54":-4.078,"55":-5.421,"56":-17.832,"57":-5.865,"58":-4.078,"59":-3.825,"60":-10.11,"61":-5.989,"62":-3.282,"63":-4.51,"64":-5.169,"65":-4.593,"66":-3.169,"67":-3.201,"68":-9.433,"69":-5.289,"70":-3.877,"71":-2.519,"72":-6.518,"73":-6.56,"74":-6.341,"75":-5.566,"76":-17.229,"77":-14.67,"78":-4.868,"79":-5.859,"80":-2.76,"81":-10.428,"82":-4.343,"83":-8.294,"84":-4.887,"85":-4.51,"86":-1.48,"87":-14.328,"88":-12.257,"89":-4.446,"90":-10.493,"91":-3.991,"92":-12.263,"93":-7.215,"94":-7.462,"95":-5.599,"96":-11.924,"97":-6.289,"98":-8.884,"99":-6.887},"mode":{"0":1,"1":0,"2":1,"3":1,"4":0,"5":1,"6":1,"7":0,"8":0,"9":0,"10":0,"11":0,"12":0,"13":0,"14":1,"15":1,"16":0,"17":0,"18":1,"19":1,"20":1,"21":0,"22":0,"23":1,"24":0,"25":1,"26":1,"27":1,"28":0,"29":1,"30":1,"31":0,"32":0,"33":1,"34":1,"35":1,"36":1,"37":1,"38":1,"39":0,"40":1,"41":0,"42":1,"43":0,"44":0,"45":1,"46":1,"47":0,"48":0,"49":0,"50":1,"51":1,"52":0,"53":0,"54":0,"55":1,"56":0,"57":1,"58":0,"59":0,"60":1,"61":0,"62":0,"63":1,"64":1,"65":1,"66":0,"67":0,"68":0,"69":1,"70":0,"71":1,"72":1,"73":0,"74":0,"75":1,"76":0,"77":0,"78":1,"79":1,"80":0,"81":1,"82":1,"83":0,"84":1,"85":1,"86":1,"87":0,"88":1,"89":0,"90":0,"91":1,"92":1,"93":0,"94":1,"95":1,"96":1,"97":1,"98":1,"99":0},"acousticness":{"0":0.00573,"1":0.212,"2":0.677,"3":0.0518,"4":0.163,"5":0.1,"6":0.034,"7":0.153,"8":0.454,"9":0.0904,"10":0.767,"11":0.0268,"12":0.000397,"13":0.00259,"14":0.375,"15":0.176,"16":0.0308,"17":0.0234,"18":0.859,"19":0.284,"20":0.0605,"21":0.0359,"22":0.0244,"23":0.874,"24":0.424,"25":0.0000264,"26":0.00852,"27":0.0401,"28":0.000185,"29":0.724,"30":0.0688,"31":0.0996,"32":0.843,"33":0.0214,"34":0.656,"35":0.106,"36":0.819,"37":0.191,"38":0.00264,"39":0.0192,"40":0.00293,"41":0.862,"42":0.241,"43":0.123,"44":0.0663,"45":0.0144,"46":0.159,"47":0.0417,"48":0.0404,"49":0.0217,"50":0.0629,"51":0.0298,"52":0.000769,"53":0.0984,"54":0.0289,"55":0.085,"56":0.936,"57":0.192,"58":0.0195,"59":0.0244,"60":0.406,"61":0.146,"62":0.00264,"63":0.173,"64":0.155,"65":0.0498,"66":0.00895,"67":0.00227,"68":0.642,"69":0.128,"70":0.0198,"71":0.284,"72":0.00427,"73":0.0392,"74":0.403,"75":0.633,"76":0.92,"77":0.65,"78":0.0232,"79":0.0113,"80":0.0154,"81":0.748,"82":0.00004,"83":0.0115,"84":0.000125,"85":0.214,"86":0.139,"87":0.871,"88":0.318,"89":0.0208,"90":0.271,"91":0.000264,"92":0.868,"93":0.599,"94":0.0279,"95":0.414,"96":0.934,"97":0.368,"98":0.0621,"99":0.00446},"instrumentalness":{"0":0.0,"1":0.0000294,"2":0.0,"3":0.0,"4":0.0,"5":0.0,"6":0.0,"7":0.0000914,"8":0.626,"9":0.00000923,"10":0.893,"11":0.0000995,"12":0.0015,"13":0.0221,"14":0.0,"15":0.0,"16":0.0000293,"17":0.00000281,"18":0.847,"19":0.0000101,"20":0.000194,"21":0.00854,"22":0.641,"23":0.915,"24":0.734,"25":0.0000786,"26":0.00000849,"27":0.0,"28":0.0,"29":0.257,"30":0.0,"31":0.0,"32":0.932,"33":0.00000413,"34":0.873,"35":0.0,"36":0.924,"37":0.0,"38":0.000041,"39":0.0,"40":0.00000871,"41":0.898,"42":0.0,"43":0.0,"44":0.000735,"45":0.00479,"46":0.0,"47":0.0,"48":0.00000385,"49":0.0,"50":0.000174,"51":0.0,"52":0.0000942,"53":0.391,"54":0.00571,"55":0.00000164,"56":0.956,"57":0.0,"58":0.0000013,"59":0.0,"60":0.916,"61":0.0,"62":0.00000102,"63":0.0,"64":0.00368,"65":0.00336,"66":0.00000185,"67":0.0,"68":0.0156,"69":0.0,"70":0.0000066,"71":0.0,"72":0.00114,"73":0.00000238,"74":0.0,"75":0.0,"76":0.774,"77":0.378,"78":0.0000114,"79":0.383,"80":0.0,"81":0.0589,"82":0.000569,"83":0.000513,"84":0.00667,"85":0.0000833,"86":0.0,"87":0.808,"88":0.937,"89":0.0,"90":0.00000221,"91":0.0698,"92":0.898,"93":0.0112,"94":0.000595,"95":0.0,"96":0.689,"97":0.0,"98":0.00294,"99":0.00219},"liveness":{"0":0.12,"1":0.0608,"2":0.155,"3":0.626,"4":0.349,"5":0.123,"6":0.153,"7":0.173,"8":0.376,"9":0.255,"10":0.0919,"11":0.084,"12":0.375,"13":0.128,"14":0.0927,"15":0.457,"16":0.228,"17":0.0928,"18":0.12,"19":0.211,"20":0.0926,"21":0.105,"22":0.358,"23":0.0801,"24":0.0792,"25":0.368,"26":0.136,"27":0.196,"28":0.593,"29":0.372,"30":0.0759,"31":0.387,"32":0.331,"33":0.043,"34":0.718,"35":0.13,"36":0.108,"37":0.0553,"38":0.062,"39":0.355,"40":0.091,"41":0.0772,"42":0.3,"43":0.302,"44":0.367,"45":0.382,"46":0.302,"47":0.226,"48":0.375,"49":0.26,"50":0.0552,"51":0.396,"52":0.188,"53":0.14,"54":0.343,"55":0.13,"56":0.111,"57":0.154,"58":0.103,"59":0.361,"60":0.115,"61":0.0709,"62":0.507,"63":0.0789,"64":0.114,"65":0.677,"66":0.396,"67":0.122,"68":0.104,"69":0.0785,"70":0.0564,"71":0.341,"72":0.839,"73":0.105,"74":0.051,"75":0.0734,"76":0.108,"77":0.379,"78":0.14,"79":0.105,"80":0.135,"81":0.101,"82":0.1,"83":0.345,"84":0.122,"85":0.125,"86":0.0716,"87":0.0742,"88":0.107,"89":0.125,"90":0.14,"91":0.111,"92":0.142,"93":0.183,"94":0.257,"95":0.111,"96":0.109,"97":0.0938,"98":0.124,"99":0.0986},"valence":{"0":0.543,"1":0.223,"2":0.511,"3":0.416,"4":0.566,"5":0.337,"6":0.632,"7":0.65,"8":0.316,"9":0.212,"10":0.226,"11":0.866,"12":0.36,"13":0.192,"14":0.43,"15":0.648,"16":0.732,"17":0.904,"18":0.333,"19":0.733,"20":0.552,"21":0.447,"22":0.397,"23":0.34,"24":0.234,"25":0.769,"26":0.204,"27":0.788,"28":0.328,"29":0.444,"30":0.45,"31":0.707,"32":0.46,"33":0.352,"34":0.268,"35":0.479,"36":0.348,"37":0.814,"38":0.717,"39":0.424,"40":0.781,"41":0.142,"42":0.821,"43":0.772,"44":0.215,"45":0.467,"46":0.708,"47":0.748,"48":0.527,"49":0.684,"50":0.521,"51":0.473,"52":0.369,"53":0.116,"54":0.35,"55":0.583,"56":0.117,"57":0.203,"58":0.295,"59":0.528,"60":0.109,"61":0.753,"62":0.387,"63":0.529,"64":0.639,"65":0.658,"66":0.32,"67":0.536,"68":0.496,"69":0.912,"70":0.813,"71":0.879,"72":0.447,"73":0.865,"74":0.626,"75":0.434,"76":0.508,"77":0.152,"78":0.471,"79":0.0675,"80":0.565,"81":0.364,"82":0.61,"83":0.369,"84":0.458,"85":0.144,"86":0.509,"87":0.089,"88":0.648,"89":0.727,"90":0.438,"91":0.246,"92":0.885,"93":0.261,"94":0.403,"95":0.661,"96":0.7,"97":0.196,"98":0.121,"99":0.061},"tempo":{"0":108.031,"1":125.972,"2":203.155,"3":159.779,"4":109.974,"5":98.025,"6":106.97,"7":106.022,"8":79.994,"9":88.03,"10":92.99,"11":139.979,"12":98.998,"13":117.963,"14":96.782,"15":127.974,"16":129.984,"17":89.019,"18":84.919,"19":146.035,"20":96.924,"21":89.994,"22":39.97,"23":84.451,"24":133.98,"25":186.113,"26":115.005,"27":98.494,"28":189.868,"29":140.035,"30":125.034,"31":179.938,"32":160.135,"33":95.999,"34":82.014,"35":89.051,"36":86.02,"37":149.985,"38":119.002,"39":135.011,"40":85.064,"41":84.991,"42":143.894,"43":178.002,"44":117.099,"45":136.264,"46":129.995,"47":124.978,"48":95.468,"49":95.084,"50":100.016,"51":121.96,"52":130.198,"53":97.565,"54":128.017,"55":96.009,"56":79.954,"57":104.054,"58":169.373,"59":92.971,"60":80.027,"61":100.021,"62":124.969,"63":94.023,"64":109.972,"65":150.05,"66":189.931,"67":99.93,"68":88.944,"69":106.034,"70":172.716,"71":100.03,"72":126.342,"73":159.996,"74":97.865,"75":90.013,"76":245.327,"77":52.294,"78":135.007,"79":140.028,"80":133.989,"81":80.075,"82":185.226,"83":149.949,"84":129.051,"85":104.001,"86":172.946,"87":140.012,"88":77.366,"89":202.103,"90":87.98,"91":139.23,"92":138.016,"93":130.969,"94":99.98,"95":95.01,"96":89.098,"97":167.044,"98":125.988,"99":143.913},"duration_ms":{"0":225947,"1":207477,"2":223452,"3":321093,"4":207130,"5":243324,"6":225983,"7":230063,"8":192000,"9":364091,"10":172000,"11":218615,"12":274213,"13":206427,"14":216786,"15":203857,"16":222894,"17":222693,"18":172235,"19":238000,"20":232187,"21":214440,"22":129000,"23":169187,"24":117761,"25":176346,"26":241427,"27":226128,"28":231013,"29":116492,"30":213264,"31":210160,"32":114000,"33":183020,"34":126440,"35":340173,"36":159125,"37":210818,"38":294640,"39":220238,"40":181533,"41":160941,"42":194426,"43":280451,"44":240508,"45":248067,"46":241933,"47":203782,"48":256133,"49":238746,"50":194240,"51":227191,"52":255627,"53":229413,"54":212960,"55":231827,"56":174000,"57":262693,"58":221053,"59":217079,"60":123042,"61":209760,"62":240849,"63":261427,"64":229067,"65":192000,"66":235893,"67":203352,"68":194164,"69":198256,"70":199640,"71":211013,"72":171360,"73":250080,"74":215507,"75":229573,"76":177946,"77":162016,"78":261154,"79":300000,"80":225173,"81":110071,"82":219382,"83":132038,"84":276587,"85":266347,"86":208862,"87":180000,"88":125067,"89":186973,"90":241765,"91":347867,"92":139139,"93":307880,"94":167759,"95":244960,"96":86400,"97":228433,"98":238117,"99":211667},"time_signature":{"0":4,"1":4,"2":4,"3":4,"4":4,"5":4,"6":4,"7":4,"8":4,"9":4,"10":4,"11":4,"12":4,"13":5,"14":4,"15":4,"16":4,"17":4,"18":4,"19":4,"20":4,"21":4,"22":4,"23":4,"24":4,"25":4,"26":4,"27":4,"28":4,"29":4,"30":4,"31":4,"32":4,"33":4,"34":4,"35":4,"36":4,"37":4,"38":4,"39":4,"40":4,"41":4,"42":4,"43":4,"44":4,"45":4,"46":4,"47":4,"48":4,"49":4,"50":4,"51":4,"52":4,"53":4,"54":4,"55":4,"56":4,"57":4,"58":4,"59":4,"60":4,"61":4,"62":4,"63":4,"64":4,"65":4,"66":4,"67":4,"68":4,"69":4,"70":4,"71":4,"72":4,"73":4,"74":4,"75":4,"76":4,"77":3,"78":4,"79":4,"80":4,"81":4,"82":4,"83":4,"84":4,"85":4,"86":4,"87":4,"88":4,"89":4,"90":4,"91":4,"92":4,"93":4,"94":4,"95":4,"96":4,"97":4,"98":4,"99":4},"num_bars":{"0":100,"1":107,"2":187,"3":214,"4":94,"5":97,"6":101,"7":99,"8":64,"9":132,"10":65,"11":125,"12":112,"13":108,"14":93,"15":106,"16":118,"17":81,"18":60,"19":145,"20":92,"21":78,"22":30,"23":57,"24":65,"25":134,"26":114,"27":92,"28":162,"29":67,"30":108,"31":155,"32":74,"33":73,"34":41,"35":122,"36":56,"37":128,"38":143,"39":121,"40":64,"41":55,"42":115,"43":208,"44":116,"45":139,"46":129,"47":105,"48":102,"49":94,"50":78,"51":114,"52":137,"53":91,"54":101,"55":92,"56":55,"57":111,"58":156,"59":82,"60":39,"61":85,"62":123,"63":101,"64":102,"65":119,"66":187,"67":84,"68":71,"69":86,"70":143,"71":86,"72":88,"73":165,"74":86,"75":84,"76":178,"77":45,"78":146,"79":171,"80":126,"81":37,"82":159,"83":80,"84":162,"85":114,"86":149,"87":101,"88":41,"89":157,"90":86,"91":200,"92":79,"93":166,"94":68,"95":94,"96":28,"97":159,"98":125,"99":123},"num_sections":{"0":8,"1":7,"2":12,"3":9,"4":9,"5":10,"6":9,"7":8,"8":9,"9":14,"10":8,"11":10,"12":9,"13":8,"14":9,"15":10,"16":9,"17":11,"18":6,"19":11,"20":12,"21":7,"22":5,"23":5,"24":5,"25":9,"26":10,"27":13,"28":11,"29":5,"30":9,"31":10,"32":4,"33":9,"34":3,"35":19,"36":8,"37":10,"38":12,"39":10,"40":3,"41":5,"42":6,"43":12,"44":12,"45":6,"46":11,"47":10,"48":9,"49":11,"50":8,"51":10,"52":10,"53":9,"54":10,"55":10,"56":7,"57":14,"58":10,"59":11,"60":4,"61":10,"62":9,"63":10,"64":13,"65":8,"66":12,"67":12,"68":9,"69":11,"70":9,"71":8,"72":10,"73":10,"74":9,"75":10,"76":8,"77":8,"78":12,"79":13,"80":14,"81":6,"82":11,"83":5,"84":10,"85":15,"86":11,"87":7,"88":6,"89":7,"90":14,"91":18,"92":7,"93":13,"94":7,"95":11,"96":5,"97":9,"98":9,"99":11},"num_segments":{"0":830,"1":999,"2":776,"3":837,"4":759,"5":908,"6":966,"7":950,"8":682,"9":994,"10":698,"11":921,"12":1137,"13":770,"14":951,"15":820,"16":902,"17":825,"18":524,"19":903,"20":976,"21":928,"22":570,"23":538,"24":520,"25":729,"26":770,"27":844,"28":921,"29":442,"30":781,"31":880,"32":449,"33":796,"34":572,"35":1097,"36":588,"37":833,"38":1115,"39":874,"40":657,"41":583,"42":759,"43":1181,"44":916,"45":931,"46":956,"47":755,"48":917,"49":996,"50":725,"51":842,"52":865,"53":800,"54":824,"55":856,"56":538,"57":946,"58":708,"59":850,"60":504,"61":888,"62":901,"63":935,"64":739,"65":760,"66":771,"67":789,"68":687,"69":753,"70":816,"71":871,"72":644,"73":894,"74":736,"75":875,"76":768,"77":607,"78":914,"79":1190,"80":887,"81":409,"82":712,"83":591,"84":980,"85":816,"86":785,"87":444,"88":419,"89":715,"90":896,"91":1164,"92":595,"93":1033,"94":698,"95":810,"96":271,"97":942,"98":982,"99":736},"class":{"0":1,"1":1,"2":1,"3":1,"4":1,"5":1,"6":1,"7":1,"8":1,"9":1,"10":1,"11":1,"12":1,"13":1,"14":1,"15":1,"16":1,"17":1,"18":1,"19":1,"20":1,"21":1,"22":1,"23":1,"24":1,"25":1,"26":1,"27":1,"28":1,"29":1,"30":1,"31":1,"32":1,"33":1,"34":1,"35":1,"36":1,"37":1,"38":1,"39":1,"40":1,"41":1,"42":1,"43":1,"44":1,"45":1,"46":1,"47":1,"48":1,"49":1,"50":1,"51":1,"52":1,"53":1,"54":1,"55":1,"56":1,"57":1,"58":1,"59":1,"60":1,"61":1,"62":1,"63":1,"64":1,"65":1,"66":1,"67":1,"68":1,"69":1,"70":1,"71":1,"72":1,"73":1,"74":1,"75":1,"76":1,"77":1,"78":1,"79":1,"80":1,"81":1,"82":1,"83":1,"84":1,"85":1,"86":1,"87":1,"88":1,"89":1,"90":1,"91":1,"92":1,"93":1,"94":1,"95":1,"96":1,"97":1,"98":1,"99":1}}